dossier;uni;libelle;cadrage_c;source
   NATIFS;;;;aucun InDesign
 au 10ème;;;;aucun InDesign
000 BLANC;;Blanc zéro;;BLANC ZERO INSPIRATION 210.psd
105 CRÈME;105;;;ULM105 CRÈME INSPIRATION 255.psd
108 PARCHEMIN;108;;;ULM108 PARCHEMIN INSPIRATION 255.psd
130 TOILE DE JUTE;130;;;ULM130 TOILE DE JUTE INSPIRATION 210.psd
180 CARAMEL;180;;;ULM180 CARAMEL INSPIRATION 255.psd
581 BLEU NUIT;581;;;ULM581 BLEU NUIT INSPIRATION 210.psd
610 VERT DE GRIS CLAIR;610;;;ULM610 VERT DE GRIS CLAIR INSPIRATION 255.psd
620 VERT DE GRIS FONCÉ;620;;;ULM620 VERT DE GRIS FONCÉ INSPIRATION 255.psd
675 BLEU HARBOR;675;;;ULM675 BLEU HARBOR INSPIRATION 210.psd
725 GRIS MONUMENT;725;;;ULM725 GRIS MONUMENT INSPIRATION 255.psd
780 TAUPE;780;;;ULM780 TAUPE INSPIRATION 210.psd
783 TAUPE KAKI;783;;;ULM783 TAUPE KAKI INSPIRATION 210.psd
805 BLANC SÉNÉ;805;;;ULM805 BLANC SÉNÉ INSPIRATION 210.psd
821 PIERRE D'ABBAYE;821;;;ULM821 PIERRE D'ABBAYE INSPIRATION 255.psd
950 GRANIT 3;;;;GRANIT 3 INSPIRATION 210.psd
999 NOIR;;;;aucun InDesign
ACIER;;;;ACIER INSPIRATION 255.psd
ALAGOAS;;;;ALAGOAS INSPIRATION 255.psd
ALU BROSSÉ;;;;ALU INSPIRATION 255.psd
AMMONITE;;;;AMMONITE INSPIRATION 210.psd
ARCHE BEIGE;;;;ARCHE BEIGE INSPIRATION 255.psd
ARCHE BICOLOR;;;;ARCHE Bicolor INSPIRATION 210.psd
ARCHE TOURTERELLE;;;;ARCHE TOURTERELLE INSPIRATION 210.psd
ARCHE TRICOLOR;;;;ARCHE tricolor INSPIRATION 210.psd
AURORE;;;;AURORE INSPIRATION 255.psd
BAMBUSA;;;;BAMBUSA INSPIRATION 210.psd
BLUE SEVENTIES;;;;BLUE seventies INSPIRATION 255.psd
BOIS SANS NOEUD;;;;BOIS SANS NOEUD INSPIRATION 255.psd
BOIS VARIÉ;;;;BOIS VARIÉ INSPIRATION 255.psd
BORA BORA - 105;;;;BORA BORA INSPIRATION 255.psd
BRIQUES BLANCHES;;;;BRIQUES BLANCHES INSPIRATION 255.psd
BRIQUES NATURELLES;;;;BRIQUES NATURELLES INSPIRATION 255.psd
BÉTON BRUT;;;;BETON BRUT INSPIRATION 255.psd
BÉTON CLAIR;;;;BETON CLAIR INSPIRATION 255.psd
BÉTON FONCÉ;;;;BETON FONCE INSPIRATION 255.psd
CAPPUCCINO;;;;CAPPUCCINO INSPIRATION 210.psd
CARREAUX DE CIMENT NOIR;;;;CARREAUX DE CIMENT NOIR INSPIRATION 255.psd
CARRELAGE CIMENTÉ;;;;CARRELAGE CIMENTÉ INSPIRATION 255.psd
CHAUX BEIGE;;;;CHAUX BEIGE INSPIRATION 255.psd
CINQ GALETS -805;;;;5 GALETS INSPIRATION INSPIRATION 210.psd
DALLE DE MARBRE;;;;DALLE DE MARBRE INSPIRATION 255.psd
DALLE DE TERRAZZO;;;;DALLE DE TERRAZZOINSPIRATION 255.psd
DAMIER;;;;DAMIER INSPIRATION 255.psd
DUNE;;;;DUNE INSPIRATION 210.psd
EUCALYPTUS - 130 et 581;130;;;EUCALYPTUS INSPIRATION 255 ULM130.psd
EXPLORATION - 675;;;;EXPLORATION INSPIRATION 255.psd
GAÏA;;;;GAÏA INSPIRATION 255.psd
GRAIN INFINI;;;;GRAIN INFINI INSPIRATION 255.psd
HORIZON;;;;HORIZON INSPIRATION 255.psd
ISABEL - ULM105 et 620;105;;;ISABEL INSPIRATION 255 ULM105.psd
JARDIN SECRET;;;26,105,126;JARDIN SECRET INSPIRATION 255.psd
JUNGLE BOHÈME - 108 et 180;;;;aucun InDesign
KAOLIN BLEU GRIS;;;;KAOLIN BLEU GRIS INSPIRATION 255.psd
KAOLIN SAUGE;;;;KAOLIN SAUGE INSPIRATION 210.psd
KAOLIN SÉNÉ;;;;KAOLIN SÉNÉ INSPIRATION 210.psd
KAOLIN TERRACOTTA;;;;KAOLIN TERRACOTTA INSPIRATION 210.psd
L'OLIVIER - ULM725 et 821;725;;;OLIVIER INSPIRATION 255 ULM725.psd
LAMBRIS CHÊNE CLAIR;;;;LAMBRIS CHÊNE CLAIR INSPIRATION 255.psd
LATTES BOIS;;;;LATTES BOIS INSPIRATION 255.psd
LATTIS;;;;LATTIS INSPIRATION 255.psd
LEAF - 105 et 620;620;;;LEAF INSPIRATION 255 ULM620.psd
LIBERTY - 610 620 et 675;610;;;LIBERTY INSPIRATION 255 ULM610.psd
LINEA;;;;LINEA INSPIRATION 255.psd
MARBRE NERF;;;;MARBRE NERF INSPIRATION 255.psd
MASSA;;;;MASSA INSPIRATION 255.psd
MONACO;;;;MONACO INSPIRATION 255.psd
MOSAÏCA - 805;805;;;MOSAÏCA INSPIRATION 255 ULM805.psd
MOSAÏCA BLEU;;;;MOSAÏCA BLEU INSPIRATION 210.psd
MURANO;;;;MURANO INSPIRATION 255.psd
MÉTRO BLANC;;;;MÉTRO BLANC INSPIRATION 210.psd
NAVETTE MARBRE BLANC;;;;NAVETTE MARBRE BLANC INSPIRATION 255.psd
ONDES;;;;ONDES INSPIRATION 210 BLANC ZERO.psd
ONYX;;;148,77,131;ONYX INSPIRATION 255.psd
PAILLETTES;;;;PAILLETTES INSPIRATION 255.psd
PALMERAIE;;;42,126,126;PALMERAIE INSPIRATION 255.psd
POSÉIDON;;;;POSÉIDON INSPIRATION 255.psd
PÉTALES - ULM780;;;;aucun InDesign
TADELAKT BEIGE;;;;TADELAKT BEIGE INSPIRATION 255.psd
TERRACOTTA;;;;TERRACOTTA INSPIRATION 255.psd
TERRAZZO ADAGIO;;;;TERRAZZO ADAGIO INSPIRATION 255.psd
TERRAZZO ECRU;;;;TERRAZZO ECRU INSPIRATION 210.psd
TOSCANA;;;;TOSCANA INSPIRATION 255.psd
TRAVERTIN;;;;TRAVERTIN INSPIRATION 255.psd
TROPICAL;;;;TROPICAL INSPIRATION 255.psd
TROPICAL TAUPE - 783 et 780;780;;;TROPICAL TAUPE INSPIRATION 255 ULM780.psd
TROPICAL VERT DE GRIS - 610 et 620;620;;;TROPICAL VERT DE GRIS INSPIRATION 210 ULM620.psd
TRÉLAZÉ;;;;TRÉLAZÉ INSPIRATION 255.psd
ZELLIE BLEU;;;;ZELLIE BLEU INSPIRATION 255.psd
ZELLIE BLEU GRIS;;;;ZELLIE BLEU GRIS INSPIRATION 255.psd
ZELLIE CRÈME;;;;ZELLIE CRÈME INSPIRATION 255.psd
ZELLIE LICHEN;;;;ZELLIE LICHEN INSPIRATION 255.psd
ZELLIE SAUGE;;;;ZELLIE SAUGE INSPIRATION 210.psd
ÉCUME DES JOURS;;;;ÉCUME DES JOURS INSPIRATION 255.psd